Temperature,Humidity,Pressure,Weather
26.65748876886373,74.32383215987916,964.2477959329697,sunny
38.13411154172063,43.336562077172196,1041.2708685857128,rainy
20.195103465006753,51.215435507753966,953.1229776234532,rainy
25.25012288555667,61.35840219909018,1011.9671907429379,sunny
37.81131586474932,77.46841313084025,924.282937221815,rainy
24.748006549886156,53.97987169939538,1038.3556217954215,sunny
35.74555854053347,52.027722659366304,1021.7178483603899,sunny
21.88078503185131,45.52666049606191,1025.917981343055,sunny
25.671654877742192,68.71828347474197,1047.1423767061187,rainy
37.15680837100763,53.619993044328,950.8151911055681,cloudy
29.379013543635587,62.660347088756595,1005.0651540396673,rainy
25.55883792789988,72.22792648045385,935.8009593017757,cloudy
23.846036538409436,51.819769613650834,927.16070408333,cloudy
20.628706206926797,64.37974932297422,1081.967797649764,cloudy
38.423479005223435,50.23540950299059,910.7080426531741,sunny
28.564369518301604,43.55771479071814,1020.1326950115168,cloudy
34.44433139060294,61.10948232875095,934.8044505179478,sunny
27.417585135573383,65.94361527950917,1098.769179454002,cloudy
37.8750665069703,53.144452294323926,904.9051595880006,rainy
38.74632577591461,45.67705911117656,908.7534290665025,sunny
23.124071800825316,58.37963375598186,974.8304072236375,sunny
29.41954550646294,56.35901535110778,1057.8871969842573,rainy
29.429899758241582,70.46543307365434,1091.752743356308,rainy
25.67157490928396,53.93535250658089,927.7717379036745,sunny
24.62875162323379,44.61651263110593,1056.2183233427725,sunny
25.568912592282864,73.52369890131334,1051.2496235175477,rainy
34.74000000063645,59.59661519740053,933.6701119824751,cloudy
37.624453419349706,42.9178820505759,904.4288637630806,cloudy
31.121943013416065,63.85564609956714,918.9816504378373,sunny
26.000341635454873,40.645774486930605,989.4695690411328,sunny
35.65954603422546,42.09402411086525,911.8761562996035,cloudy
33.681963009064745,50.706058705235336,1014.2161515625353,sunny
21.5921876557544,67.49346951569078,1037.019255612457,cloudy
33.13604044510172,64.56206616746533,1004.2594133476434,cloudy
36.50314454382334,48.92266917851089,1002.9505570971472,cloudy
20.848770540047823,46.24123115877217,1034.7680670819013,cloudy
22.555584446793773,47.109868484238014,909.0147226309628,rainy
21.21461168556174,45.02099560012119,904.7133832812593,sunny
34.33652150102466,69.42693832335553,1036.9205185731912,cloudy
39.296490758420184,47.775017595906476,1050.8697300289746,cloudy
29.574063668068412,71.49470849718281,924.8237616087075,cloudy
27.509206880021,43.29726027842558,981.537779792549,sunny
26.258456718649164,75.51846275681692,928.7236980524509,cloudy
26.685847847305098,49.91743102964096,1089.1288967719681,cloudy
29.254501262206503,71.4401029957044,1057.2636725978484,cloudy
20.054524604694464,46.51580960127165,1065.7367231732678,sunny
24.17509433563186,64.46079351951073,943.1162482792008,sunny
22.069094601538147,71.3218070339112,945.6468349199491,cloudy
23.758328099935337,67.40770659463337,990.2794616640908,rainy
23.350536020379444,43.325853645505575,1067.375069837627,rainy
39.25418136382483,71.43927563316979,903.247272449025,cloudy
25.73717185959735,62.03146935190254,1033.6458562194593,cloudy
32.0142998001959,42.819518029139296,980.4407138630294,cloudy
24.591726538095838,68.29773823749726,982.4952969995211,rainy
33.38614745913796,44.8478725769018,923.4765057392665,sunny
38.93711030485666,72.7358001943843,965.1536475849133,cloudy
30.970655065534636,41.64398263557695,922.0434419899603,rainy
29.388399758960876,44.19069856792083,954.7935648193874,rainy
20.111142120995048,52.59075521952255,950.8023009057872,rainy
20.628203529812236,41.84750599044119,1081.9340284042019,rainy
39.28627215547594,53.72981027437608,994.1919566540599,sunny
25.150022889916045,44.50322858096045,914.4633392229814,rainy
33.72581462417254,42.54124428817355,1066.361631954367,cloudy
33.63161482254117,70.12143764653784,990.412196248584,cloudy
30.378730885355374,62.94201109696825,995.0096010259571,sunny
32.27301953650286,61.141366666796614,941.570427486643,rainy
23.943680986259917,41.72319009740327,941.6195493489964,rainy
21.823206018592188,63.98012872446521,1034.7437065721704,rainy
31.35449065299621,49.967851741083535,1028.6790400443087,sunny
34.92883783512907,72.29920741966511,998.7433953750135,cloudy
35.291865241317936,77.57940097520715,945.9350285676722,sunny
35.320795609876484,52.06306079170874,957.3563144732249,sunny
36.0960985303399,52.105814844619246,970.4300248629675,cloudy
20.331047043391013,73.94181322284449,1092.0927806261975,rainy
23.28224565034033,71.72987660037734,1015.6395469514767,rainy
36.51060629285049,71.86769956719394,1071.5956203821588,rainy
29.8916560170994,48.55950572037136,1044.2521290976326,sunny
36.65308034335102,77.74546719108899,1003.9475785768792,cloudy
29.182797810559684,78.69504991002538,1098.1391973339364,rainy
31.350052519062565,74.79322450693952,1005.1802167674359,rainy
29.94496383919943,72.66256125684889,963.2072177493739,rainy
26.29463348553207,58.066160661560495,1027.7119596444436,rainy
26.985813502216583,68.40665720748868,1012.1565026027379,rainy
35.495073922776456,50.8666525393504,1083.1619493364014,cloudy
25.034848859244168,57.472788733656856,1038.2223531528311,rainy
30.36152468951414,46.2463679707723,911.7756958968746,cloudy
34.55901931275125,57.1786577240138,1045.2999112213795,sunny
27.84321370522337,63.71975296028262,1006.3319193044937,sunny
38.8733055158542,57.37548985128116,992.2264055292115,sunny
29.49803113623034,72.6974286969812,1005.7638940934218,sunny
34.57046901462649,66.03021988113508,925.8919816873392,rainy
20.040535683261208,56.50688308159488,986.496781752805,sunny
38.7479863714635,67.76667094641581,909.2109109574209,cloudy
32.79994506210369,67.91876174591066,1029.2974661973599,rainy
35.07891806025307,40.853210654396975,965.3084275344779,sunny
38.63686888885205,47.06249209396649,906.5243498950738,cloudy
30.609230362944558,79.66539133031657,963.3775760922988,rainy
23.384340209787982,47.97558589816362,967.8632945205687,rainy
24.79477300248483,75.24354004444058,1038.17368165909,cloudy
34.18789538296898,71.68546827424102,1014.4196202521844,sunny
37.29111190712483,56.38670336580205,969.8033695774469,cloudy
25.049988691467643,60.353880962196655,1023.8069875327095,cloudy
30.02660334638859,54.48126685668827,985.8497195927446,sunny
35.93621147981541,78.70954680816732,1088.5862755367343,sunny
29.253044544668235,43.80631659317685,1098.0098488624046,cloudy
30.636304356009553,46.87326943112604,980.4585992654687,rainy
32.69569385595402,67.52579017873987,1091.5385478093747,sunny
33.646748058689795,51.203438569479545,1045.0199344833034,rainy
33.91376260157347,48.03709397806903,1005.8433637863238,rainy
34.449343760472004,76.77711505978421,950.3266432673108,rainy
38.87247076749996,62.744131646392034,930.9932849572701,sunny
32.46267135169982,72.06757964253181,1007.5731255978394,cloudy
26.026255130457713,53.18091451282191,952.6018221450078,cloudy
39.89414898857807,64.2719343619981,992.8168704002829,cloudy
20.379524778783175,65.05416985205082,947.5027791803003,cloudy
25.67456085890515,43.328881398087134,919.1669059213732,sunny
32.894287119856884,40.81939159941067,952.2493224804286,sunny
28.167146348480543,73.52983028727124,965.3421362558189,cloudy
21.594833561601824,45.01273620192651,914.6188016724556,cloudy
34.880708519777826,65.49672407141514,1098.4150963558216,sunny
28.67092269396554,45.86957352843773,1033.7248089670916,cloudy
27.57673540742422,75.79364941101124,994.1204980665492,cloudy
38.00212095534313,41.73486981274904,1009.9043651167059,rainy
25.89907583668621,75.28446947503483,981.359881227207,cloudy
31.83975933482964,42.43424863093239,1046.5873229592269,sunny
33.94824416215984,67.10077412567522,956.2025200444702,sunny
28.028417319783376,60.88791935977809,959.118491746496,cloudy
35.44520986920637,78.49919766907448,1029.9507067972024,sunny
32.303664729549084,48.106366822541546,1088.2233581639928,rainy
24.22668716808257,48.992353286876096,948.2148548900831,sunny
38.281449202019004,45.94869646317325,1091.08327347034,cloudy
25.659225296820242,49.54539842734144,930.364877197475,cloudy
35.69846033257057,78.15965406195431,1017.1041867050379,cloudy
29.53782189328974,69.84797068973035,1065.4979280736338,sunny
27.229043051825855,44.63556647338311,956.6564543854504,rainy
27.67727300334618,53.25520499904248,1022.0978170980349,cloudy
29.760580682878796,67.68294401778901,1042.8274645017812,sunny
32.32880488911543,50.88639855960838,970.4267035413296,rainy
22.79872890210787,71.40577148848897,1044.8701416881058,rainy
32.47483402372794,42.49968655060074,986.8896087809932,cloudy
37.04892856164668,72.94548909918437,978.7088488760344,rainy
23.08147619786461,55.948163341201465,915.059075593647,cloudy
39.1758501386888,74.67899889466187,930.1086446982563,sunny
35.62478165250228,70.35949003374716,968.9062116771561,cloudy
29.409666480301723,43.515691068141905,975.501370043397,rainy
34.280440428243715,48.77787115637873,1075.5684933458667,sunny
34.40842684024406,65.4571496207884,901.0284106071185,cloudy
25.58736566611192,53.40445803181359,1073.558424326937,sunny
34.66660949152881,75.23120107945857,1099.61474010053,cloudy
33.45229464782854,79.68177177877783,904.8243542100078,sunny
31.04895907945486,41.31936539357898,940.0000237350223,sunny
28.921209055321548,62.696249153593016,948.3610578178109,rainy
27.559582293061265,45.53282179485312,1060.6102423040347,sunny
21.777712915969026,59.37102021138645,1009.1009023177508,rainy
20.772526391053304,60.26815965242859,1098.9058089154248,cloudy
32.80285503911475,60.453172961123364,998.0855513557294,sunny
34.39918896049305,42.032405429569025,927.0707731593852,rainy
29.41854868988095,69.64492766669696,1092.1478594613336,sunny
32.33194548827856,50.292368778864194,1008.1323540256126,rainy
24.173977896011912,46.50731952363708,918.207901736206,rainy
21.180455686440546,44.73040529588169,942.3009792305088,cloudy
26.90788387076264,43.63769973566122,1006.7734742739974,rainy
38.890527938539584,62.363374961406166,1006.8550217432266,cloudy
30.758013262931133,46.633665834019176,981.7430219282105,rainy
28.433917252114526,68.79286430883394,972.5207168202506,rainy
35.52212651628382,43.994489575776655,990.1853758063642,sunny
22.429289900959755,75.69682169243352,987.4091560438541,rainy
29.118681364980745,43.593083020426526,944.9730970468788,rainy
32.41302449757007,57.550492546688865,1007.4738465463968,rainy
20.71774153445416,66.1915235519757,1017.8472091657928,cloudy
20.567116032070338,66.60891639215698,958.0590207971976,cloudy
32.45764802345976,60.705316400849235,1043.0338420759192,sunny
22.0932721081336,41.21247816531435,905.3516378983289,rainy
23.732596657918435,53.95559334014648,1046.5233788633655,cloudy
29.556087785429014,72.44516370491237,961.6290213446316,rainy
32.841999429830054,77.44652351466368,937.2834847956099,rainy
28.061637115089628,54.23947047315173,960.3809638290586,sunny
23.51822804286973,58.09568995090079,960.7113458571812,sunny
20.251092567206967,56.47304046949231,1008.8720460552829,cloudy
25.667116633520603,52.78023750161316,987.3582514328141,rainy
38.19300511049329,77.60582859365175,1087.9716230629426,rainy
31.971996774633865,74.26872184765979,980.9243467164835,rainy
23.195104834097275,75.59454518232653,925.7019919902334,cloudy
38.88991525523408,49.67503815484372,939.463201740056,rainy
25.062009628062505,71.20594579777658,962.2785505695479,sunny
25.828513858600946,77.75793402501407,974.2007338183771,rainy
26.091958137951323,42.69130225259504,995.9157840356529,cloudy
30.91957884343172,53.75228274488783,927.2244878142661,sunny
33.63730476833802,55.50823260469069,1085.837129330607,cloudy
21.216275582025542,64.59646206805643,1040.610972198996,rainy
29.16951239195656,44.15660098198716,984.6778742414906,sunny
32.44511837337843,52.03196080744121,1046.5009676503469,cloudy
29.052562633595414,76.23860548926753,984.5766460297963,sunny
31.688665717944424,44.11969683931703,905.5167558117299,sunny
33.913223905819606,60.9787153972987,1033.4408354711204,sunny
39.62607196356646,65.55525644151979,909.0533523110996,cloudy
35.32386569381754,69.93167089094214,921.2300782436349,sunny
25.428259059776934,59.73308376256068,913.9285680789342,cloudy
22.020807525950612,74.43213427491034,909.3267435001634,sunny
33.306034657030125,73.98166914040104,906.8301164162833,sunny
20.8157533459783,43.512587064107095,921.0880668392139,rainy
33.211188305002246,44.62723015070473,989.7682188686215,rainy
32.54238369209503,72.75964700952315,1040.37681090142,rainy
27.19317424063677,42.321343527759296,1099.8400103449333,rainy
27.882969236351922,61.395176334570984,983.5568532833673,cloudy
30.233407860763467,50.95317960802977,953.9831825100209,cloudy
37.13467615860347,62.963489472216864,925.2447537922608,rainy
39.06680490486386,64.6250322863477,1018.4606141222796,sunny
23.80239659531044,66.35826798941949,958.5314670851955,cloudy
30.95551397599202,72.85259343940972,1097.5160039491698,cloudy
22.189910972425977,44.70871014278355,983.837999708209,rainy
38.580224230915846,77.41841684763666,1017.4426459084613,cloudy
21.259839713219378,72.89581002091596,1038.587332292869,rainy
32.65774620429662,65.76193525360736,1097.261325583237,rainy
26.94639556488332,44.430831396138984,952.5141599200407,rainy
37.11950458739446,45.85655295265426,1048.532254076049,cloudy
35.69708053991059,78.96620398959129,1054.4498275065066,rainy
28.635922121801073,70.0410761784934,1008.5850749436187,sunny
26.896565791181175,63.33741336544054,1027.9154297096845,rainy
29.34098487817336,51.10858049142214,964.6452360521156,rainy
26.84075820835706,45.623296773335845,932.9240094787828,cloudy
30.22120851915416,55.436470696633606,1087.5940492816121,rainy
24.683321165695833,57.30069928731408,940.7447236439556,cloudy
24.41419267656317,60.904729234839635,1045.2253292097148,cloudy
35.623628858569674,71.5400645596084,1021.9947615801264,rainy
36.55951448974543,52.9124001806683,1044.0526223775757,sunny
36.414139426710236,47.065977599729756,979.986526954919,cloudy
30.264843004285673,60.746205314839074,921.7363575799008,rainy
34.552226905717625,58.00637707604457,1001.0311828496334,cloudy
31.516921855016413,48.16065041192512,954.3345076462284,sunny
37.70127325744083,41.60783875023761,1080.8845342732848,cloudy
23.67508562988757,41.50335751303117,1007.2113302128932,cloudy
38.64810684636073,41.55688307671386,1020.7737525464423,rainy
27.253046517957497,75.4228676928559,977.4798933486134,sunny
32.97332908475914,74.46608703427839,980.8073559964442,rainy
23.77705180749537,45.368541290230255,941.6423820299738,sunny
34.70494960471379,46.894468302992095,992.161951666331,cloudy
25.236443560302355,47.221003307256176,1030.8218324373613,cloudy
20.581850870108894,56.35933694971834,989.4563239174507,rainy
29.640867154185674,72.76541411083674,986.2754302314983,rainy
28.370144579450933,46.3239347773705,1055.842952165355,sunny
29.60922144675323,48.6406736664037,950.0541069306662,cloudy
32.38669511729738,52.1883478120477,1066.0948436135736,cloudy
32.439340839984936,70.67288392354975,1050.4047896794273,cloudy
21.35002756922575,70.71657927289364,902.5703177230037,sunny
39.186450932403616,60.36238321368873,974.3917377967045,rainy
30.219508555673926,51.18775007497167,1004.3897377289878,rainy
27.857643470471707,66.66269792075536,907.1577678382816,cloudy
32.17899385559614,60.52419245700406,939.8691635196043,rainy
36.075504227309324,46.355584991683315,1080.302713089514,rainy
23.694412729682536,60.49584010894041,981.8242422019657,sunny
28.61406655733914,74.83474496515976,904.8279470736202,cloudy
20.781016306853196,69.8628365136581,1037.2705155334145,rainy
32.68590028616544,68.10499014543726,1053.2953812748933,sunny
36.02825368912339,45.18061902603537,1003.407947277392,sunny
24.99344700965591,41.31280016085856,910.369429203214,cloudy
37.586418199022404,63.191360797706615,907.012559914152,cloudy
22.564079097050694,55.19979999090276,1053.7726857377484,cloudy
21.58826900252793,63.62019334155171,902.7639625864196,sunny
31.463655339033814,70.40185924996464,984.1082796253085,cloudy
26.989949367026412,56.0218363719934,968.4298202838243,cloudy
22.539887556768583,75.85969461726789,999.2494892907484,sunny
26.962919407729938,70.82633737330308,1066.9640937362124,sunny
29.030811792844418,41.70512295320514,1073.16651097167,cloudy
20.673544955787808,70.92975946986337,1027.854487426051,cloudy
26.982728855512768,65.12061746365227,1099.3983402903946,sunny
35.23842618581784,71.24206496149634,975.2155388368974,sunny
35.50732230478001,50.65833510180545,1072.2484813490373,cloudy
37.07922954715343,51.536739656207594,967.305992506585,rainy
22.294617101378364,58.93857023065262,905.3326695691889,sunny
30.19700687784622,66.45014201329977,936.1989046051416,sunny
20.196453601091633,58.39090511832304,1039.5632802310654,rainy
33.8587841568777,68.93271357708304,1079.4784333481268,cloudy
39.61716814620378,64.93933109688317,992.6394309988148,cloudy
27.1799235003909,70.70516564269644,1073.9744244781118,rainy
23.47975156392068,44.57485808522519,928.2135098403131,sunny
26.369561128586966,42.87769118783214,1025.1228325507182,sunny
21.184590296936378,63.006391352913624,1086.8658932452201,rainy
20.01986683257364,59.92759212105058,945.5641860526655,cloudy
32.86721000445479,50.78507578814212,1033.161386425546,rainy
32.89599993335076,72.54544999250211,928.2185576093432,sunny
25.10595770334563,69.06595203261753,1021.7401659278146,rainy
36.224303256837665,56.118777222304736,983.4502998732637,rainy
23.31309865295642,71.61426121840074,908.9196908191853,cloudy
38.73183714838637,45.83923703815262,908.1388514264415,cloudy
33.03119867451374,77.99670578600228,1013.6101191620497,rainy
35.74182622864002,62.41764109118432,1073.7979079915685,rainy
28.205282377625743,57.98519082093274,1009.5078523153427,cloudy
37.36203577607738,55.75973584490899,1016.6479448644569,cloudy
21.99956902340378,72.54111383825688,910.6144699246481,sunny
37.526916805361004,43.631395968053944,1069.2309856422646,rainy
31.47751658768403,43.796298216594934,952.460225995616,cloudy
20.58859462430171,69.39409624075566,988.1918461748219,rainy
33.14679907783028,66.82747181330016,904.5528830790149,rainy
20.822453725537677,49.83445114318694,1015.5106896272408,sunny
36.67393901618608,64.63948316928123,987.9196190229554,rainy
34.65384294524104,50.96263922311481,1047.7068934712913,cloudy
23.47094833077972,56.2751734711598,944.3821761149394,sunny
31.846335986939874,46.84127980924197,916.0612500906761,sunny
26.21785446420199,52.20884760371696,929.1980351068369,sunny
22.965010422602433,73.37608795705907,940.8285539580152,cloudy
32.01570173648304,77.22898381385448,1052.4957978650878,rainy
26.02992912885682,73.36521735113774,946.423039892337,cloudy
24.220594339580824,56.54376001612101,1050.3580496935658,rainy
25.736271536931,64.04112392218633,984.6319733412777,sunny
21.075782328160727,48.807424021711775,913.7386971406825,sunny
35.764795512759434,64.82047935205205,974.5324967714449,sunny
30.277662149809522,40.34796991810203,920.2704958821836,sunny
30.676131792537888,56.81345420408963,1077.395555115029,sunny
24.616381007405458,61.02650327586674,902.8022095500398,cloudy
25.10688182985695,71.06919522230427,1032.378611113897,sunny
23.551796059335995,79.82403820258236,1046.6361480367004,cloudy
37.78109027390195,72.88697902852529,1035.8627164425666,cloudy
23.638985057919523,59.358597663359795,905.4059591490919,sunny
35.28757650501326,74.52805534186434,1056.3670523215462,rainy
26.045186752366156,75.2278620834848,998.0726232372083,rainy
24.04200953793415,55.738996505877125,1075.223068302205,cloudy
26.646749543232648,67.93671123282773,979.9375097216638,cloudy
38.36266413382229,60.55500195904717,921.5939091033467,cloudy
23.876053830011852,46.771477001596125,1016.8612181900269,cloudy
32.86440937329685,41.03100177694372,910.4219651816875,cloudy
23.280003393986064,63.540536618008275,1009.9779484975568,rainy
39.37932280855435,68.04204197889536,906.1380841645208,cloudy
32.022111516855766,58.8025952266318,1071.2360026037254,sunny
30.495732593085165,79.59350446015648,982.127367270956,sunny
35.036451658868806,66.51732425344878,931.6819316473361,sunny
34.83661148923614,55.09331635816196,902.3075893123672,rainy
29.532664661504747,51.961926978498546,945.6822024253067,cloudy
20.11761630248381,56.18377848739519,1095.5452240592624,sunny
29.024627419109578,47.77859089626217,940.9227636496851,sunny
26.44183792205239,41.91047009711377,958.7802273212543,cloudy
31.111373399867517,54.22682177337329,985.2041584344381,rainy
34.96344809891755,59.199154291795,921.229169168357,cloudy
22.805601053737146,79.04424964838611,982.9425681731684,sunny
36.27804281552333,48.7552058743832,970.3274890009084,sunny
26.14561923154797,47.615447276708444,982.1165950215941,cloudy
23.43585771638749,44.534586355224455,1000.9506811818101,sunny
39.8358784802682,75.65608048872035,906.7325326388575,sunny
21.961966747882506,59.56466571157553,1066.9591479178628,cloudy
32.078529840198,76.98632020645492,992.9693498351177,cloudy
20.1415470952373,57.78065181608665,932.2178794055174,rainy
22.92934450950163,79.57132127047147,935.7131512005327,sunny
25.662670006351394,43.5595281705332,1070.8301047547639,sunny
22.320090439456738,67.4610471426356,1008.4749816641195,sunny
37.100941452831705,67.84978287573654,1078.0589703015714,rainy
33.544947074522184,44.449197294830014,958.7465947828485,sunny
29.654404726477164,46.41300146286258,905.6699522610517,rainy
31.20660895267747,65.08803373699521,1096.6619154303094,rainy
39.61728746120797,76.57247260849465,1062.302701128313,cloudy
37.78372552033112,54.538397601934356,1092.9580355630105,cloudy
38.51861632950083,77.66708931655754,1091.5182068391296,cloudy
25.420739033800015,67.75046106552844,919.6218018254289,rainy
22.02451299917518,55.19632233705425,983.7298946223923,sunny
22.140569287590782,69.48999608695462,1088.0024507241642,sunny
27.80654942505771,67.26161423882876,999.1431526870675,sunny
34.62452857204633,42.719852335711046,1008.976131992528,rainy
32.87248698043032,60.93280447225115,986.659300198746,rainy
36.8855086334661,40.37247459426372,1036.1877025841763,rainy
39.88587422550394,60.45012003502583,1056.2860541094694,rainy
22.450450017308043,52.72229694708237,1095.3947620495035,sunny
25.813231092147355,68.78203838745027,924.2786920856074,cloudy
25.67370134478093,75.25304901792654,927.0478244324075,sunny
35.95542299437572,42.95769613253661,950.3311180184415,sunny
36.753387635844,78.20218764660282,913.9675458838221,rainy
32.21327937396326,61.909854238778976,1063.652948417896,rainy
27.53688581473831,65.64961972384978,952.6150264931316,sunny
24.488094415446483,69.47567180743391,923.5423021337091,cloudy
22.606636410072472,46.02847046602528,1082.6909441182831,rainy
36.1374439079746,48.64003677658045,989.7779686274434,rainy
20.019963516467076,66.09400668356695,1057.4947008906947,cloudy
39.541181091969655,73.41997665437714,985.4084558356501,cloudy
30.80738476620238,67.10814290793675,917.1137698464647,sunny
21.1785703066482,43.1886440772257,1027.2313026645272,sunny
31.88312612640172,70.89536435228365,1089.7091708903122,rainy
24.34696639528938,63.01599322186533,994.9065537157674,rainy
21.13065358876615,48.807638087771906,1076.0121936332166,sunny
29.678741487124643,78.59354961153227,1023.086059683734,sunny
30.887784762949615,52.13315125980003,940.9534587893115,cloudy
32.50098434983499,43.96501964446113,1000.4261485049736,sunny
35.86231361454875,53.66336973560274,1078.1363665649867,cloudy
37.77095361070805,46.169863109080836,958.6776232285509,rainy
37.26286204151637,45.4244487835367,950.2874501122545,sunny
20.996528554290887,74.10060745196307,1089.741955739622,rainy
29.35425973868437,79.53150829125158,1013.6911341514968,rainy
23.29950482263716,43.683723175963564,968.8602164523766,rainy
32.61103127214206,42.07303212375204,1096.8451372665997,cloudy
26.983261986622658,73.47128211281684,908.7439241331828,cloudy
30.34746003028609,59.41985477360732,917.5181052826122,rainy
33.76615499366464,56.343547687790206,1080.1835427474812,rainy
21.07517519168877,45.20941660372127,954.4858108876108,rainy
31.332597383061334,47.144171919911656,942.5835832359539,sunny
23.522419644426236,62.026011847836585,940.8065144819366,sunny
35.16603786917699,49.91519051743131,1040.9276144333346,sunny
38.085285839785215,74.16029479233129,1023.6543587862052,cloudy
35.861985463880224,40.11769260924534,1042.3429545488293,cloudy
30.743935325878898,71.20762764306009,1059.8595970286633,rainy
34.2658071966427,56.08783927655349,1086.531739456343,cloudy
26.19120390558454,54.41264184152986,991.1813606236598,sunny
31.013367452045877,59.959642660495334,902.6231355646498,cloudy
36.25422859750221,69.23807118581087,971.0364638069236,rainy
34.63703276629601,59.77602268355163,950.2729705245408,rainy
26.869855355780224,45.68849228440389,946.4072338210477,sunny
39.06966248788902,48.899527699203105,922.7917550751248,cloudy
25.92075781057637,71.84764058558744,1000.1098439685619,sunny
32.459597291515564,59.89792556521998,936.7089436532303,sunny
33.384548591592434,58.601497985662036,1081.3332720440817,rainy
29.25276267406138,56.2245888229075,907.3241023426423,sunny
23.918030206241745,75.20007764451802,968.7335078194529,rainy
25.21543133944906,66.46274323332062,929.0889088767981,rainy
26.623641660262184,64.41054404652506,920.7063166913919,rainy
29.619508209309835,40.67543280807808,1052.8576861798404,sunny
37.07190603319822,65.54551034089663,1014.3427617385132,sunny
25.451640830790325,48.309541976815694,1023.7493650738827,rainy
20.485535945716418,57.018126538231186,1086.76874099599,sunny
25.230999354245615,62.13376692256003,1025.4128495428558,rainy
30.62260331985246,71.89239930874137,1022.5101756097379,sunny
25.46851895400089,42.477767202767055,935.3051999953734,rainy
37.914712612854686,77.56107858458302,924.3454370375465,cloudy
37.283953517221306,65.7395445825189,967.1720611389226,sunny
33.958939744418515,54.16490675824666,971.3196333722143,sunny
28.492772413781715,60.21617796876774,975.5339636818583,cloudy
22.658797331159125,69.37965461929454,992.0388079865335,sunny
27.748619946451512,60.3685404396106,1012.6781632169518,cloudy
21.12180639313886,53.632155687468206,961.2218506879823,rainy
32.289592111682765,72.31971657597404,1051.9361620794377,rainy
35.702781165265904,49.88423250713271,1065.8876937041423,rainy
29.12958250722634,41.645901114087074,927.437031426667,rainy
36.128385650334714,75.24280531683712,945.956681505653,cloudy
36.35437528860016,58.462444179339386,923.0623734868581,cloudy
33.45101294696149,57.193526339807235,1080.4772532464606,sunny
21.875522789352637,51.38461724704927,924.7524886383296,cloudy
32.42667619362354,50.35513482094794,1038.1864111511215,cloudy
21.74360133872707,49.706650599698634,1007.7173065324557,cloudy
32.077570523226676,65.22157103448788,1039.438350665076,sunny
30.85289651547503,69.50723798322069,1009.5135215887586,rainy
39.13350237973849,73.95042969568635,1085.3692595322063,rainy
27.02093407448519,69.0968919369052,1019.5540745171635,rainy
36.75346869801915,76.86826992833679,1023.1446251438844,cloudy
28.777978743099695,42.22625733174979,1003.8701542633958,cloudy
21.245042253154715,69.99519058308204,987.6073708783208,cloudy
37.671184033890356,75.92674913387887,999.9772027137897,sunny
25.335270458287003,66.16553536948405,1040.2879176309168,cloudy
34.72107121347487,51.9518844970964,1009.5050583172633,cloudy
26.79135241552144,77.97776921013542,1015.1004640533877,sunny
36.252885252364806,69.10021212104236,916.6602413780338,sunny
30.41365820617861,56.91963069403933,1040.4345025436348,sunny
33.921756517995696,74.14929647139962,1017.7648903769542,rainy
31.34974365112884,64.45039577006855,1087.5471519021432,sunny
25.27381166079482,65.79477555571061,917.623292846801,sunny
23.15058605454493,49.83552087519871,1096.1745738745265,cloudy
25.726666000092933,62.530724942810664,1026.294607666248,sunny
37.96340360451782,72.0250666637877,1021.691983190433,cloudy
25.69090873791594,69.86253428567849,1001.7402105407434,rainy
20.168589781294536,56.46326839602611,920.0708043082648,sunny
34.142331444199684,47.65800930307495,929.7331534883448,rainy
33.993626256687875,53.07642865499232,1099.8251310572914,sunny
32.85820342138831,58.373730809313045,928.2982632251732,cloudy
26.054934706928073,48.55721445905532,1092.975823445089,cloudy
23.669484489023237,42.0000652664871,1007.5961792327876,cloudy
29.23769879221976,66.26727044868903,931.478604818214,cloudy
30.817948839142595,55.228545556476234,987.8964033960722,rainy
38.426150641524515,76.29231655285226,972.0657888427662,sunny
22.143159240499976,67.70454277374961,999.8257424615956,cloudy
39.72982283510676,48.06547406239566,975.8223255039354,cloudy
32.69251549253527,69.93333181309913,989.0033534267696,cloudy
25.577244815563756,74.20971579787286,1096.622510809299,rainy
22.99429133310372,65.7712712040169,1085.6225744527878,sunny
33.0843566379134,41.178033669762016,1009.3959897777737,rainy
26.087784875484417,66.00208401359802,929.0110409423409,cloudy
28.64607799057966,53.011844199323676,964.0155869957713,rainy
37.62635668690399,73.51378028299152,980.992829309133,cloudy
27.17276632879629,61.54613826636242,1037.1081987232537,rainy
35.354034162793134,66.64300799979867,974.7423145249338,cloudy
24.014462618899017,69.4986182793878,1022.5383600978017,sunny
27.1280481855795,54.91053915016565,1003.1640007274688,sunny
30.378417976339485,59.50994687420777,968.438753230181,sunny
22.545990834003593,61.14821597889818,1007.2341621540803,cloudy
39.974923783300724,68.66271179582711,984.0397775290987,rainy
34.27903940856348,76.51794760009612,919.3346588141607,sunny
20.840717352021343,52.322474984917044,1094.5372708019966,rainy
36.92091208019217,62.808515017005035,1036.8414874386665,rainy
37.444883936294964,75.79707574164738,1076.8162724618217,cloudy
27.61203086508169,61.85380932621237,1045.5267239435063,rainy
33.14612022272357,46.24977816448397,935.764390304193,rainy
29.080495724933563,50.40171660606644,1088.1748231245606,rainy
31.429734501392858,59.46087274844088,1020.8680408310463,cloudy
36.226560659734304,59.55547822317787,902.3880359479257,cloudy
28.673108293320915,66.71683465363057,1079.476635320834,sunny
36.021176965132526,63.11423196040944,929.7252324612487,cloudy
32.82346454816537,77.72170739067826,902.9045054997848,rainy
34.82525581173717,77.06044624054404,1024.3997487172696,sunny
27.20922282991026,47.94221235272997,961.3730770262458,rainy
36.41947740508236,54.74672112494641,1048.2724597518095,cloudy
24.473281241635267,42.635094399205265,1050.1624918486518,sunny
36.22070790207237,74.81828004567129,988.8032823496798,cloudy
20.339603087389534,61.41915186424347,1001.2774752488436,cloudy
26.494110481617703,57.43375966303607,929.4792508230529,cloudy
34.024367285500276,59.8840493028715,946.9498099868867,sunny
38.858567165503246,56.58570763366652,998.1989038967271,cloudy
38.05716260608401,52.23287071473894,1002.4564836145348,sunny
27.91763793547412,78.32005237303161,1084.6113902255408,cloudy
35.83654588847926,72.49861982033423,1057.141885467951,sunny
27.107004487345357,74.40090445167445,1093.7959547957298,rainy
31.31887705505492,59.410348597985234,1078.3611637122644,sunny
22.973900001633496,76.18086360244311,943.1009820867364,cloudy
25.84085815397297,50.69029903325887,1064.5286112030276,rainy
28.025070267558206,40.32278743786112,928.6870293328882,sunny
29.993658196335804,50.72170279285099,975.9445197345672,rainy
33.150385420272144,67.03488902129929,950.6796217977083,sunny
21.306277024245595,62.25338054785418,905.675632389878,sunny
39.03750741221333,59.65105796344033,984.2763076267443,sunny
38.19528094955814,42.673319986083044,1089.2162039144835,sunny
35.55942122787761,72.82153600544555,1008.0272864239952,rainy
30.24194347733497,73.18520980484045,1071.131328554011,cloudy
22.916327128342616,42.41772551374701,1036.0200320848346,cloudy
20.417954378078772,47.76438122376855,959.0458270333428,rainy
25.85308467296322,48.73290782135462,1015.4075497184164,rainy
24.425753278171015,65.68335342879462,900.9515447625756,rainy
21.77003864073243,61.35740565268263,1098.2976855833713,rainy
22.65610942418728,79.23161288140025,1097.2798384748937,rainy
29.69580422000855,62.46426774769892,1017.7687585370128,cloudy
31.958296342196142,56.77614291516849,1040.1737484716898,sunny
32.552549271620315,50.06938339331235,923.5459691131427,sunny
31.405615889957893,59.872679099028346,1000.457870918317,rainy
29.631286792840537,57.68336436612464,966.5762460662799,cloudy
26.95047159952337,67.64059753246852,1074.3456573093977,sunny
32.52733506559844,61.913923299181064,985.1617391966757,sunny
36.27629453636774,74.26506774430912,982.7704310311888,cloudy
23.19445905192419,54.133302360226686,993.979370058184,sunny
22.540664816211308,60.77104948846301,916.785476304087,sunny
36.83494946709528,58.010037707199444,929.2985633700623,rainy
38.25391487142534,68.00833753513652,916.3858011274772,sunny
28.02904025053747,77.94739930818955,1030.376517724135,sunny
20.553281449196522,57.698624597524116,1020.1766998765397,cloudy
39.19819120102171,42.89415741498029,937.09627123284,cloudy
22.880552433736785,41.264134513334085,1041.978368298731,cloudy
22.86465671800636,56.48761502137131,910.5414103673453,cloudy
37.36377548602806,50.493445746513224,970.0117940517273,sunny
38.39861345857274,51.01644178101011,987.3134980430648,rainy
27.479309323232993,68.60404589877429,968.5231762503752,cloudy
30.94940883382543,69.63442621812287,975.2606304739047,cloudy
22.374734332396066,58.437472056698816,927.5813757404098,cloudy
29.306038099237433,44.35138052251282,1044.2930717186841,cloudy
21.44344513768143,67.56659780472603,914.5103977571935,sunny
22.813924208245776,72.14468057241399,1000.797576650474,cloudy
25.943593055793713,74.15150139341071,909.9304425411535,sunny
36.319875530712466,46.526125751941805,924.6673370793586,sunny
24.64884958925319,53.14256155460092,971.1672780740162,rainy
36.49844792571871,54.78327772866959,975.794800312888,rainy
37.24002946046738,55.38181509578858,1018.3239025870463,rainy
32.666097153807314,60.51221678797047,1016.9360240853681,sunny
39.00684498231087,67.71082255281684,1025.3019100978404,sunny
29.6820078012835,72.00443281493392,1078.9657245322676,cloudy
35.93409382270999,63.93540854535779,1006.9385246532196,rainy
26.179042211562447,40.79329985546451,1071.0295681065754,cloudy
20.77833582299297,67.26187534441223,1063.7520403341252,cloudy
20.053547632223523,69.9696319739391,977.3584194036114,cloudy
22.34483085879171,40.25922928744421,903.7714948298333,sunny
39.74717288267707,70.61742510953042,979.0606821473541,sunny
25.156244136769516,51.14750548014249,1008.8697645764296,sunny
26.284491786459004,55.707011429088716,933.7816977676732,sunny
32.839343719976185,69.58205773836752,995.6474820702124,rainy
33.18128600993252,45.769516148612986,1023.6411585592298,rainy
35.70225746166714,64.9696922662728,1065.436927822906,rainy
28.692192810737673,51.57928036395159,943.331543965557,cloudy
32.500138726023124,79.78747077542035,959.8663067675193,cloudy
36.52053844562608,58.19105172410225,1069.9381461650582,rainy
38.53169272586398,56.361563016736184,1098.0888618909457,rainy
27.63085476558213,60.572294296477025,910.8623020607075,rainy
37.28211311574411,60.34057252990323,942.1769740416156,rainy
33.67923026255967,64.26368363442072,908.2510982497098,cloudy
28.005910550275846,65.96237478138292,1049.9605493023232,cloudy
29.454891694782958,52.64882479325201,1034.1492030249674,cloudy
23.657724182633483,51.29068134017366,930.1000071346671,sunny
25.901919545960734,78.33385034882892,1071.5548400050488,cloudy
27.8659476203731,67.92391946286722,1087.867741567282,sunny
33.99476283949609,60.03811580404718,1026.7537986766733,cloudy
30.635466678557357,78.11185533151578,1079.369903112326,sunny
33.811384440914345,72.75451363922822,993.1667633863258,cloudy
38.87483960278713,61.29166781540911,974.8092010017587,cloudy
28.55363270310105,42.27931497753517,1068.1294565501137,rainy
24.344873651732463,51.6401165300143,983.2386287906698,rainy
32.228178556081815,50.38916001182179,1058.735702974259,cloudy
28.482050058469163,50.9593611270365,1051.7938204388204,rainy
30.26697784784504,57.528915446596244,994.5629908808388,cloudy
34.256389773531765,42.150447769766984,967.0138357542713,cloudy
25.48660029857829,67.5300005273393,931.9016714210505,sunny
28.093570386230084,55.71172459765555,1028.082027700971,rainy
31.417854938344327,69.33247320623974,974.3589628944958,cloudy
29.64949293395101,78.11005561762684,966.8263653031818,sunny
28.219034468873176,77.37463181713396,1090.639303392683,cloudy
34.41841589773077,74.21305747367913,979.1667870819143,sunny
22.218612414529396,64.49474720206234,1066.631915211028,rainy
22.024624428642856,55.13144171925437,940.2735083391933,sunny
34.24582017166182,76.19956091703223,1085.9938296966693,cloudy
26.722804766431093,54.33538596763064,1025.184561113115,rainy
23.204237709135505,74.77752366204182,960.1727222195286,rainy
33.92878344044597,60.44772747429289,1034.0874131613946,sunny
24.407180343898563,61.15272114958271,1084.0418980913396,cloudy
37.60787528242177,55.942778720528224,938.7355773802216,cloudy
39.69324378176869,59.74912315455299,900.7820143208285,rainy
30.115330103022007,54.39313986237992,957.1659666351615,sunny
32.58394827868247,55.82390235955728,1032.555553388369,cloudy
35.06527735178611,59.62013711199102,909.902928717125,cloudy
33.53708169859647,77.02572553205647,1042.9679360435232,cloudy
34.29386872580919,54.85995898723408,914.9362731671517,cloudy
33.65171940264563,41.794272367174756,1022.2275235583858,rainy
20.10082216607153,60.77707755493201,1090.3178752344431,cloudy
24.342598603941838,63.01751890523499,1079.0892446584587,rainy
31.561056588930157,71.37943997394497,963.9375513269454,sunny
27.361018135756648,52.45523452840928,956.8444281699187,sunny
20.422215083702657,51.59889241102842,980.6302559594933,sunny
29.95304614458901,44.96203487242664,1039.244199553027,rainy
24.385775581274856,47.45006167402625,957.8951094009535,sunny
24.362937074552676,59.422258719645086,1077.2897191746902,rainy
20.579535477928886,69.7351579001597,984.3691751037637,rainy
29.374738166285457,51.13917239207629,928.3079358824046,rainy
21.135857537908706,48.014251469575996,1094.2636696532036,sunny
39.94065781319678,59.96994108806311,943.8876180904226,cloudy
26.041191538301575,48.812344739966306,1034.0867171788436,cloudy
39.026158833249795,56.46310118252861,1004.1490565028121,rainy
32.65486281751919,47.56436938247009,1080.5272125875938,cloudy
22.59189617383117,65.59878022423825,1045.1396666133512,rainy
31.373014268058782,74.47473072673894,997.9384234693573,sunny
27.857701734953025,52.65045706650393,1065.5698164227465,sunny
20.240374039439367,55.50903870041892,941.3058519887962,cloudy
36.17428425880936,40.57294319219646,949.7301980933212,cloudy
28.934296468904975,70.41020283396941,1093.4125602033707,cloudy
28.354194272523372,65.86098662328399,971.5412438321448,cloudy
29.602256029541987,45.37351264149261,940.3437607161105,cloudy
23.26032623230628,79.62379095370832,1072.1282111241233,rainy
21.6035438333744,67.94921952321762,1016.7863976140442,rainy
35.77073577163414,78.91639962936546,940.574599925897,cloudy
27.320706081985037,62.033531873922556,983.3670439449925,cloudy
26.214263796289586,77.05810706977378,1024.0783896725845,cloudy
29.913368253710637,54.03299688237057,962.6795278714169,rainy
34.90430007291617,62.136462757795954,1071.564778623044,cloudy
36.93469889533207,68.66804641696417,1028.9094021192582,rainy
23.941701111311673,47.15885908061222,1009.9705743604285,cloudy
23.150319812023504,63.68164273119794,917.2886619322941,cloudy
29.095174863934304,52.4715845523322,964.8810417770317,rainy
23.641280664281204,43.92424973992445,1035.6357945554246,cloudy
21.143615494755487,42.7925240533169,961.5971449270263,cloudy
39.276020472931904,55.65975966194485,997.6525958093346,rainy
36.18444965973839,67.98956929875376,995.9930510595032,rainy
26.753773905517647,50.4194675480649,1071.4586555620326,cloudy
27.15569650102342,61.338781171458905,928.733120493735,cloudy
32.25938758963323,61.2798630140491,913.8822189004412,sunny
30.14003898271452,66.50557303815823,1063.373535237381,rainy
33.679173591566574,62.02378831507197,908.9001498404398,sunny
28.307961573792007,57.93742107052395,1082.746466560122,cloudy
29.21206639948603,62.43111927611558,1021.0463575955592,sunny
24.918635941531733,45.263007686994676,1033.636094619717,rainy
23.60170297266438,71.03996297721756,1086.2519753989923,rainy
29.608043784161,68.5488973889196,1050.9278663965197,rainy
23.73900589075581,70.91218867893883,1024.710016508414,sunny
28.66910844413358,64.77151851623863,1089.8586842236186,rainy
38.807924601711726,69.74674986602072,940.3729860894751,sunny
20.421894361471463,44.82577576711671,918.3555525857898,sunny
39.49916880744274,58.18335919072983,913.4474279004081,cloudy
30.17758139048669,67.68778417247259,947.5841139471088,rainy
34.208584545772915,50.58718852039303,1030.0960344703574,sunny
31.912122340545174,47.34933913356697,963.2682711509806,cloudy
34.75596772167473,57.306781191205424,924.0652695397469,rainy
22.167856624729293,68.497099487918,1022.5147017226786,rainy
30.80686332822452,44.49026284952459,1007.3576541673281,rainy
34.14221588010197,69.83239682705425,975.884954487396,rainy
25.916504620016866,41.9793954699368,946.6695275684524,cloudy
26.019465653179285,61.6234222844119,920.0884658837156,rainy
34.39261106315351,64.46908565684794,1047.764088756179,cloudy
32.63738509914529,43.6417893639977,1001.8495258235595,rainy
20.654633359454454,53.653341778834104,1087.849180760833,cloudy
22.184965727377385,74.90669865933313,1054.21457017575,rainy
39.30238224481913,69.638315848583,1087.1605962646588,sunny
31.5827289722242,55.51534544765038,989.4974487172602,rainy
36.28984545758174,42.51305429801541,1025.0950508610495,rainy
25.507894113983255,75.30114567449166,1046.315517094936,cloudy
28.18541917942497,64.65618436089807,1014.418407155153,sunny
31.264657892990606,77.81321520322801,1024.3289483107562,rainy
32.523327648903205,68.65873712660128,905.7971262919176,sunny
21.644441960878314,51.97095890160264,984.3665622609781,sunny
33.97712276370118,51.86356815987182,974.6787359713801,sunny
22.923680601220124,72.47648877930308,1033.2463653989898,sunny
24.092275633726146,60.96706550424001,959.2575465104751,sunny
20.724311162785106,44.544767046216364,1042.6802810589713,cloudy
23.337095795487397,61.49408056011183,988.8573405633416,cloudy
20.151486327721713,60.20425367102856,1084.7305477506611,sunny
21.489164966006825,56.44884279278584,910.2638984698617,rainy
33.10523340426331,55.4262819213582,937.8368999534434,cloudy
36.11380196054573,74.82030774719473,1042.0379350697287,sunny
23.393222628519396,50.360238674745254,989.3670726359986,cloudy
26.499217525741237,64.90795317220923,1065.8786556056132,cloudy
25.033826528094288,62.950616356275255,956.0270223033899,rainy
23.735995905012498,67.81375457942474,987.0670435868976,sunny
34.96030244255266,71.83692960796641,1084.6502201698668,sunny
29.551524773652137,74.30336542314112,1096.3523304972985,cloudy
39.02462936105697,61.46919653953203,1073.9329515661077,sunny
22.23653493204436,42.03315783869409,979.4828035790104,cloudy
27.45754151454875,67.95166632158998,1063.682312613343,rainy
30.09788130609332,46.04565444926984,1048.4996950090747,rainy
28.40186071842036,74.79777184142449,906.1714518161172,cloudy
20.283864027710816,67.14824574253183,1024.6190821861505,rainy
25.6033788198225,67.81487915798198,914.619880559409,cloudy
29.03060066011407,73.84268385798336,1010.6820280495627,cloudy
36.279169415767,47.562132525961694,1049.8116080579036,rainy
35.03588333840055,74.11794378071394,1071.7271854891776,sunny
32.81588432328935,60.85707234434735,999.7217748523668,sunny
31.345206790941855,52.12352053194178,1019.3356560895522,rainy
30.512204612108135,50.932216702432164,904.0778112849406,rainy
36.86798511537114,78.02701186999091,928.7569379067442,sunny
